2531873146,otfya
3144621483,jaqab
8811681594,ljpzo
1605352782,zaxzu
4578650672,iycwt
1268434967,cobdm
5061254225,tjrvf
2661303803,lpyfm
8513046225,slzml
8918016477,gzili
8677207553,cmxip
7126676796,kdrem
2901613138,zspwl
4132503592,tytbi
7942049549,ooczd
9396133312,ntenw
7522968143,prayk
7403617823,idamv
2533305061,uqhpk
7627329307,ycoih
2336106581,csfbh
4365987309,zgjnb
6517561351,pbbpj
1785765304,ydwzr
7562003692,eawzp
5633232198,hlnvf
2383232530,dvqjr
5992826923,hhfye
1900918678,qtbct
1090603693,jeqpg
6717380171,jjjkn
2450893914,slpyt
1715522210,bidxt
3334823704,ijkos
8281509876,bjsfk
3134945532,zzish
3167320539,ljsjj
1121874005,wetzz
6945290996,qqbog
2869621183,rwzqm
7502768232,ledmr
5632844248,dnsgc
9447587705,atomp
6130447473,exttc
8171187057,qgina
9550602284,nwxem
1482550483,koaga
9210818493,hulqa
7026707749,kcigd
5244828698,yspyo
7969299085,lvnci
2925441481,llvmo
3475944791,ixgqx
4684495623,hifqb
7575910345,zlnua
6164097814,cwcwe
3850918939,cnspt
2126139532,ornlq
8560218964,vlprm
3071337083,qudxx
5858215581,odbjq
4038938768,kxdex
6692493804,lokxh
8142181670,bttdr
5402405284,ywuni
6495633565,tkkky
8695705879,zdaov
9843836436,laypn
5999007593,lkztc
4199229791,ymzys
7919795058,wzoex
4267943624,pwywj
4900878342,mhtfv
3605175865,uwrqr
2065548347,xhqsx
5478249201,tpnep
2107683957,wdikw
4199446044,ywahy
1853222157,kqres
9800148758,guvsp
6731544000,jkoyx
1895114671,puzed
3490055729,urjts
2407790783,mmkbp
1908811224,lqent
5130327675,mfawa
4594066285,qfpfk
5717283091,srymx
8604663243,iwpan
3285723013,vjlwc
3251398815,jfsir
2451812816,wavwe
3197288493,ewalb
2225033085,xtiga
7680519625,hehus
8785038742,umksm
4117233528,yjntn
5811446301,ybkfq
3685872762,qfhog
6567111752,xtlrq
4882271019,zlsnv
4036955986,lofjh
5700957590,ajina
3564628236,cfusx
1676680049,ghglj
6226635046,hqwsj
1331816661,stnmt
8992930495,pbzcm
2469182826,auath
1112373505,fhxow
8081307525,ukrea
1451973889,oklka
3188685284,sbuph
6692740281,mylih
8312424656,aamdg
4703158975,czttf
7648721350,qhjpc
1189263584,bhmoq
1352615840,akief
5540815005,ldbiw
6682617833,xbgac
7229317398,xxeio
6063553460,aahcq
6072048294,mojov
7452592760,uheeh
3872801717,rldcw
5265390335,ommrb
6384285825,kguth
9533439915,oehpb
2597204193,gksdv
8371737302,tsbeo
4453884460,fmpny
5106013198,oqsog
4959202926,mjhwp
7479196035,atkjw
8584122264,yudpe
6282919600,vfvvs
1912705491,ovulm
7807770778,hdfyc
5621026295,zfyat
3515992458,lfstz
4279520888,jabfi
1726912723,trlhb
6947152779,vuqrz
6792300429,rwops
4543083212,rnjjy
1142601723,axszy
9599021621,ccpxi
6949505577,pavzr
7228342864,jonni
7378671906,fzsko
8234301298,nyhlk
8941486491,mlrtt
9136887015,gtnwp
6694283330,gauox
8513210219,lvpga
9666643530,scpbr
7095437077,iqeyt
7343930075,hmfuj
7872281308,wgkth
1148905496,beqcm
9427546787,wdkya
1415190254,dusts
3319745326,dgmnz
8262583286,dqdbu
4413996303,hykpd
3274605900,pueut
6888330838,wjiwb
4587901513,pmxlq
3292105574,qefcf
2476998254,xawhp
2159286602,emukt
3357894853,cxdeq
2493058400,pbvqx
8609975457,hmtnh
5698858151,qucmc
3247321174,wfbeh
1508296371,jjdsu
8818074013,mznbv
5543620213,fgxmn
7076245933,xyhri
4330895258,zrqad
6175020302,edfki
7694335442,sfray
8649942194,jqpna
6712459804,hjrnj
2393241831,jnwbp
2778615321,deygv
8668758128,uhumq
9264095042,fphsc
5289591106,imqyh
4630592737,bhlwc
7747142791,ccpnz
4813719008,ahfme
4923015663,cnmwp
5052354687,kuupd
2918902180,mjade
4326665925,vdrxc
4756774671,hlgwo
8886079966,wamwe
3682746807,nfmzc
4079260898,eoico
3585034295,lknic
1528794263,lbswn
3449614624,qbtsw
9230913659,hcasq
5614989441,oxodz
9760322331,aebzi
8244844057,binuf
5300135374,aipvi
4653527151,sgyax
3854628078,dusmz
2426491751,yobwn
5799262796,ntkum
7614743348,eafrh
7381065651,dejfz
4349438459,bdtsa
6645031635,lhsrb
8869818580,igmnf
3663794585,efdpf
2326535562,pirus
9066673569,vqoim
2432517604,eybqy
3808725624,cjmcy
7706013578,xgypg
1084049916,jwztz
4711199662,prnkn
4787769521,qioze
1825149492,wpqfl
8639184729,rbjgz
3631437453,rvczb
4871174127,nebxm
7074810791,lylpl
9108420117,hjfik
7464950796,veoim
7049097825,gzxkm
5629469821,xgmfd
6947950645,obpih
9328314198,hjxuc
3861305519,ndtrn
1708905853,gamxl
8243196930,ekyax
5016550256,ozxpt
8640011469,oqmkc
1377139033,ayeck
7492568701,seajj
2241891932,kcofj
2978109248,xqoty
8223165915,khcrp
8912090649,wpgay
3437084820,ounhk
5994437215,jdqlx
8976609278,suzxk
3323398828,lhyqv
8908983330,tgoky
8638004618,iywds
4993424106,jjtqd
3041318934,yqfcv
2334461687,pyjtc
7894084126,yqheg
4199523759,irjgx
7637721891,yjacx
5928810006,fvitt
6837541020,ipync
6859715378,xhkql
6631657805,vfanb
8053996954,fivbi
7652546630,dyzxe
5911699142,peqtq
8605071901,xqvlt
2832962649,aqznc
5740295658,kzhfo
2053008063,kfqaj
6976552238,aibyy
2710761629,btvyc
2152644239,mxmhy
3040082540,mubid
3638379382,gqack
1163561314,fyrjm
7406725969,vdzon
5802167393,ispjo
7796782003,hjpdq
8370316898,zrfis
5746574844,pxznd
5027821313,qgjve
5391283100,laiuw
9384784148,qukpr
1647178482,uykhl
8715051975,lntnw
6411094038,qewzy
8130350358,thfzm
1915042341,zincj
3849528138,gcado
1559883773,nrsjb
1878555601,hznsc
6648733132,rzfio
3538987211,tjxjo
6136874892,wyois
2267231213,ccboh
9463642068,ghipl
2224794874,ztxxb
2537106543,jgnud
5952957463,iwgcc
4869333492,mesyd
3611858299,feyjp
8510675117,irdla
6204102218,mvzfe
9173366764,buxkp
4761282157,lceka
8375296656,ibzbk
5057204387,xmoay
1913148219,vawrf
3969445202,pmrpi
4179565224,jafih
1561901832,yewgi
1199789922,arkhl
6913532007,rxrbs
6559118590,apfop
2672278107,zoggp
1622134575,nqlzy
7584664768,pmtlp
3685164921,ukrkp
4990919521,hwfiz
1493505389,wplxd
5340436847,galqy
4542178219,fidsn
8738854739,wlibw
8265788423,nvqor
7498017414,bwfjj
4406005341,nmupd
9724019002,rbwms
9841432891,cmnhg
8994773007,ijrbv
4421239728,wowec
7656451571,biubw
4700433835,fuffa
3303289434,bkddb
5393971860,stlvr
8914734955,ahfwh
8590767915,iskha
6539115453,yzhiz
3461808862,lanbc
6407904595,czheo
9487929514,kxxmk
1020122855,lnbpu
2025618904,urotr
7605913174,qljxl
7955497034,ndvmw
1747608123,gqoub
5778280637,dbrsc
9389018441,jkair
8184418606,qgtnr
4602333443,bckfv
8827721069,aywyg
3818466578,qngsa
8784431675,nnghc
9759089481,uztsb
4684719973,qtgob
8456674008,pufot
7971595429,snbne
6748334240,ilubz
2030937377,xwfmv
3619406848,acrwg
5378426152,ennkp
5272197574,nudmq
7516458750,nwigr
7863787389,ydwcb
7773482940,cypxp
6162902821,jikch
3050812306,zfria
6341264252,adkqr
3070859329,rdsox
6894999511,jrayu
4140982036,xcofd
3739384820,nhalg
4529671048,umruo
2402555455,bdlkp
7944190931,dalml
4232870988,rqwoi
3663458966,vpzrh
2843316999,gxasv
6981748326,zmfmd
4504194679,jggry
4186570507,sxuvi
5783851753,dfozy
3559956151,blcsc
8842745546,pagng
3597705218,pmsyh
7169798112,duuvm
1509105534,kbwmv
3818630137,kacfv
8271978486,lyuyg
9064692504,kjcsv
1173930299,xdibl
3574671457,cuyzo
7470568128,hpbgr
2762381001,jgfrx
9112275405,jvlxd
8917875008,lfpoa
8150364274,oqjrt
9652334066,dovry
8593965963,xybes
5278634552,myuov
8932992418,elcyl
9608672119,uywax
8219567386,lwdek
8495851886,ontyf
2795391106,wwfjr
5742208006,yfktm
1398926043,hkddc
9607747119,ebdjt
2303009680,hqyhi
9679142691,cradt
6366849558,zoqoo
6386240721,ttmpl
8208107746,xbmzz
7680599293,lhseo
1177657425,qyvln
9487727518,dvbau
9057613623,jvqsg
9123919396,iirud
9283607099,fzqzq
5439097224,yravb
8193613292,eozrs
7475801575,pkyng
5068357628,ajchy
2222001504,kuvlw
3158845990,yddqj
9463643292,mjghj
6195826795,zlbzs
5045548189,lgtce
7138414741,mmgvz
1568430067,dxboz
7359950993,lmmcx
3300397483,oitca
5100431795,ioqph
2556459057,ncohy
2220029323,ojzao
5300359447,zyfyu
3219028967,yfuos
8573096875,ujcst
3569016807,vrffd
5838576524,utkbq
2370135250,wpbpk
7163315926,aahgj
4350835676,gysdw
8641374942,bbfhi
8098446227,wipqe
8891574406,sthjp
1509243167,evzst
7064749496,urojz
7641549704,xmuyp
3674020322,gznmx
7342535251,kvump
8652973510,pnknj
4761508636,bcexq
7016659453,ifobb
8941222724,ygkmo
5888569143,vjeua
4731665554,aaqbg
3794867171,rgucy
9586170444,ybpcr
3157394730,vqfxn
8425651333,eockt
5971725071,yqpfe
9956043581,vssxr
6140766944,pjdwz
2698946472,keqqs
7797095046,yhzez
6092957639,metrm
6276827300,srgja
2355735793,ctzmc
3912124600,hczjv
8827525911,ebbpw
2167702804,zvmvg
1827952683,zabzt
5762103869,igiwg
5990366539,gscil
1831071494,ybewc
4560449843,tpcnq
1887094093,ocpha
7080275789,fhnzw
6637122418,nptzk
5132949730,fklwb
7390625235,eobkp
6497101262,fnfxc
9541919075,vkyjw
7453526806,jmzrr
7375690466,ynfdm
5778603976,vvkle
9159360552,tdyen
5914770515,iryjb
6398314728,qtsho
8563754324,adpxr
7880730471,ecefu
7436097503,lnbpu
5140016325,eeskh
1475990549,vdsqj
6699087056,sluxc
7770348033,bnwiy
9434956248,qirae
1861786864,pujkk
9581805842,axnix
5854493804,kdjfm
5883607512,rwygi
3331531347,wucey
6190081895,jhfrb
8100900014,pkvqp
3067430753,thwpj
3190265044,qhfvc
5707047767,xphdb
5709076666,ihriu
9834360556,ruoet
1191656556,vbapu
5320083580,jahgy
3039635871,gemhb
7959945627,hbzzm
9237503099,ogugt
2474604149,wxlao
2769189142,iince
2779456016,nfcce
8661658630,fvilh
4866814448,bvlzk
2229769369,zhkfb
8425970759,fsytt
9808946652,icifb
1781791941,ediuw
3457735708,bxypv
2347998404,mtdkw
3305299135,kiojo
3273275859,exoyc
6697821376,tygyx
2995034676,ccqzi
2463148579,wnbwd
4490139781,dpdqt
2245344656,gieja
5868185599,sfcvp
5905110806,nylmw
5676376370,ijzwh
9833724588,swzkl
8491903442,qrxxd
5389319725,moduc
9168029090,gjycf
2114530191,sskvx
1185307208,rfwmp
2486297672,cjgtr
5396189080,ohnwi
3177891413,ourdo
5515876867,tbfjq
9655949580,julgj
2072290041,tjkha
8937854212,snfjq
9670225205,cxbrz
2311660626,gajrf
3444841511,xvnmg
1795712102,knwwl
6327503347,xmwxp
3975451713,ltzje
8366365551,zshkq
2608753612,ipzvs
5361923161,choas
8761290410,pupnr
4911049420,olhma
8446672371,eptab
3980136339,kxowm
5998624845,jjoat
9469277202,ncsfr
8639006672,tpnxl
7152597011,qhfjr
8451759775,ypqyb
8441227780,lbmkl
6665269260,etylu
9791181314,ndpmh
8158405536,ihtnp
6871645989,uzwnh
5160460736,igyvi
2852783095,ipblg
3338536098,qgjny
3774066249,fbwzk
5217394969,ujoll
8646681811,uvgru
8259492383,ynxfy
2446907402,dvqaw
3998566818,zuujv
8685047898,wmeds
2098102447,pjkqm
2425322728,rcofu
2993420532,ducns
2286804166,cyjru
3259474106,rkqxb
6063540588,iumes
9818007331,vhzvq
1967665511,xpqzc
1882690020,kytpj
4902735196,yvilf
9959686882,pxlrt
5324603963,vtics
9796995556,fvzjn
2169782588,xjjmy
4630656089,hhzax
3991886739,hwmef
9804249841,vylub
7626616761,jjpao
4347509263,bqigf
6933152293,cslmb
8753915311,orhtu
9456759672,ukjwq
1289828494,rfamu
3126525399,dxhwg
2297253882,hfzsv
7923869441,ukfrk
2978955399,qqaus
3136065879,vkins
6071626792,ruhji
7932278352,ozucn
7433847558,mxclx
7591937524,ikhna
9451054009,xvrjw
1877063618,hvqgd
6704623680,ltosz
1103949972,omjqn
7600661125,jyxod
1431352985,nulef
4174641169,usxyr
8979693077,mejss
5531025705,zbnrv
3332145893,ifkpz
4785763348,mxowd
6853399072,hdidd
6276436882,uhjtm
4061615218,pkppv
5973784577,fdqlu
1054236534,yejkq
8619557310,iqbal
5233759136,qlltp
5407745184,rthnf
8875171051,tutqt
4688803122,zqfed
5843407962,fhwnp
8268904117,xvhhm
3903892444,lnykm
5528830444,kikad
1026825848,gkfws
6878483692,dbhvx
6592438182,sdtuc
9158337754,rkbvk
6780260596,kzeqm
9676374079,jgwko
2708165427,xlzdm
3983782048,eihak
9352227293,xwkqh
2603658798,ectar
8342945965,iqgoe
5038985621,bwbhu
2235097410,kokdl
5861392772,rqppq
3926603665,nmvrx
5462780185,xuhtx
5574603698,movqp
5578156918,jncrr
4324797045,wawpb
6684879249,faowt
8958513975,enblj
2447408066,kkkhp
1653780454,ubwxk
6530753031,tzqzv
9324442822,eykbo
1913202630,nhubv
8540676182,epfcz
6846166353,sarmd
4181844369,fplbs
1147563169,osydv
8209686173,pvdai
8122847130,ocutw
9753483594,wqdih
9646263921,etvjf
1752804111,wflki
2928203455,ztegl
7136508383,apfxw
5929234368,ucjwb
5395858914,hbkvj
4638355681,doerg
9419855865,fwswg
6513829496,xmrcg
7834728923,vstme
9219138897,pikwt
4075762603,gshfs
6637671956,hvcxm
3111266490,qwzyy
2811393233,fjhch
2240209209,pcqtv
7107046752,uhfja
9201387967,wlqgy
7566240368,axvmc
3881552456,zketx
6042997361,nrowo
7533467280,vufez
7302154244,twrgz
5967295336,ofqso
8435053405,ekhre
7109620752,exkrr
2819451078,lkytd
8433004259,oxrho
4769181853,lfhyh
9671890513,ldivr
2509419426,overh
3201783648,dzehy
2224914128,nntjv
9228854064,vhenm
7407510464,iurdv
6362886079,nzujh
6253308571,akwml
9045680000,lfmtv
7801994861,omdno
3230116499,forhu
7390593118,lczys
4442654550,gwavc
7753437132,ltvdv
1989404783,mywtv
9057301896,goivo
1097696087,xmxho
5450990605,aidrs
2535023141,wzgge
4659214045,hvlcf
5734623296,xtanv
6631248397,bkhpu
6516275144,osjbb
1970218863,brhis
2114867543,edknh
5725826262,xttsi
1317761560,esgda
1333490756,nslli
9070182287,jumek
6072036102,yriyo
2992508282,jccxc
1987302850,jwmeg
7199749979,fsmca
6087504281,qordk
4179410430,gcrof
3222653728,gshmq
8562688858,nxbew
4189393514,gzhby
6478059633,ipjcy
8261566505,beyek
2125531183,zpsit
8525877907,vpmrz
2723042369,uoeii
6371692629,duiph
3272735062,cxisw
7508897622,jvonl
7784097769,ivkwc
7532921169,dsidk
9284039412,jjcgh
9409483989,qiehd
8491243363,uljau
9632255279,tlmlv
2712385266,wxpol
3619108960,rdifu
5919217922,nroqr
4846457514,cewfz
8969506388,ygpln
5248554909,ytbto
2094945122,lojbd
2001341256,xsjtd
1773729443,gjfgj
3845236645,ystjs
9595017428,kqalb
5613746853,ewaeu
4635687005,ajttz
5490082852,cukfd
1032894455,gusql
4875121954,ttyki
4763350074,yzyfs
4237747776,wjxhv
6589602097,dspvr
2597687636,xhgpl
7819378048,wnhno
9114751293,gcdok
9689037404,pesxh
5531853152,xpkeb
8297434808,cykea
3198086864,pbuet
3090724010,bkmcb
2337695949,fhild
1014557546,mtxye
9181507594,iiqsv
7461871707,irakw
9384901694,dfmtv
7555440335,zjqwc
8826697659,iuunr
5429741868,vcdlm
9784227826,xihfz
3792277867,vnsxc
5150435955,olqdd
4302291576,cmmlw
7719244672,rmsti
3453687826,tbucx
8634019628,zahhd
6021005995,tcwme
4679315347,ryfvx
8329901131,ukvza
6281727302,sqheo
3247757295,ccllz
5489909929,olcvp
2601357889,lrlqe
4410610360,zufxm
8142333784,wftif
4359459228,ltfbx
9540817701,ahojr
3160094612,jymem
3440613826,jvwxe
9783606969,jrtzr
7615040214,uzeec
7712939174,oznrj
2952641240,eqbzf
3520884808,sppbs
2562729297,padfa
7597328241,vkhqp
2310559868,ljvvq
1738397139,ojfqq
4574714619,rnutu
3766978517,kafti
1929056157,vbivp
8917669793,jjdqg
6819465769,jtfiz
3772712797,nncjs
9787443918,kaiok
2663568549,wolew
5219024085,gqzft
9757910990,sxbrq
3022395660,siwfi
3237022696,wwqmp
1856588031,vxqkq
1788912793,kavme
1206440185,nyuxm
7205642381,ovesy
1315550422,wsciq
2005381786,frpxi
2216763188,vkitp
9822131323,enkif
5827308780,tuesg
8513328515,xjdub
9217989806,cgehd
5502373459,pqlko
8195237650,xhbes
6336941885,asclm
7166230218,nmazv
8730010814,lvgaa
9431057043,ycjer
9188672169,lsybz
3793242421,pxxbj
9399766689,vbcbj
4204964111,mcmbs
4129897495,mpznz
7331958041,gxcqe
6228891635,qzpod
1975362062,sokwx
5821401236,vxfma
6801456090,yuolg
6284866189,pwcgl
1635931213,wyldn
9431571990,hljkq
7914160897,taahh
9477877621,eurzt
2168468003,qipoz
2785739638,nmuts
2916294619,fnqmv
6601561625,fefop
3599065550,kkagu
4151130294,xqsdy
8960269554,pzdkl
6365174699,kcwgo
1934088087,uqdgb
1650206448,tvzhs
7500347125,nvunr
3492833518,nirch
9009944827,cwzyg
6008847812,hqoem
6348427051,almbi
3208087183,syxjc
1078719404,nuqcb
6337432521,ajysl
5537285224,szdvt
1697373786,mhuty
6273402606,tsbbg
4550203159,lbjvn
5213128453,vqzke
5771573324,esjvt
6511351449,kziem
4249630842,ruqzm
5806295708,cvajd
5289937986,sbkdt
8577529313,fqqeo
1256334206,qmlow
5559193792,lkwzq
6651860521,bitmr
8648475838,ijtmu
8492121069,goeqt
4712213252,kdkyz
6774903071,feozm
1206883648,ofaov
1083739571,fdbam
6236994320,twaub
4008024073,zhofy
5421847557,yhqnf
4448947154,sfhlw
2308523577,pitby
6963956896,sbmcb
6120658999,lklah
1280875738,ymljd
9026235291,eyrhm
1957517992,xtilx
5070480811,rjzqh
3797978188,mkqga
4179259855,aclla
5303315330,ghmre
7648486676,oggtt
4449664527,jujbm
6706570972,pidsz
5510347067,floyn
6995118542,vahin
6012840716,zwwqc
8116894544,eorxt
5153133113,prrxt
2503764864,nprgr
8655445259,crrdn
1492777488,nluvd
3554802393,jjkou
3372780403,uccxn
7284612811,wrqpc
5940552748,ktvkf
4351825218,aymar
3840960802,oeszq
8141252981,xhjef
6003322060,iwocf
9441163693,lrbsr
5438823355,qzbpy
1516996315,vrfhy
2475774566,xyggq
9775505701,ymubo
1283363799,pgzpi
8430235585,psezi
2646519371,wbajf
7535735841,yanzk
9550554280,jofro
7732639399,nvqsw
8229448780,dorxu
9050748666,zzlap
3863776526,mayrx
9375809427,wktku
5268999341,ngzji
7965441173,wlzdu
4817956988,dswbx
7130243666,drybc
9711222309,jppkm
1969184502,yscnl
2920808001,jirun
5113744011,jxtvw
1962808753,uqdyo
4025022593,mwgxn
3320507139,rejhx
3624580850,nnogn
4412518340,bfspf
2738197925,quqto
9503460194,hsqpt
1003260410,xgkry
7475407707,najop
7192822836,egwpz
7546141206,fdhjd
2033214035,jkapu
3648981691,cphjb
1297547407,idwas
4165843074,zvbug
2142995285,rbmlg
7495281651,vxfil
5513957146,diyhj
1635754199,luqvp
3942367586,dnyyj
1342597162,gspto
3118379560,tyagk
3558619859,tpbvt
3513766364,vmkyj
1946698832,cptnb
5209740379,ezurz
1861859279,cjtmi
8033349105,skuxe
7916708298,iutzr
1243844694,nnadd
7190074739,ptdhe
4766727457,xabvj
3892234304,wbgcd
6298904083,gpomo
1803318440,qohof
8575202785,auejs
2688372842,sbffc
9950059144,qvgag
9978356873,uuani
3376570235,icgdj
5801657420,iuhta
5484105000,qzset
