2618388840,phjmm
3764924816,wdcul
7709102009,uunjc
2117573050,kzuan
9566228646,aetgh
4199594480,kihej
4212470705,nlskl
1697024989,lkmhp
8256039578,zuaoa
5376738275,nsria
6656210762,gastv
9070829369,roeye
6236851217,mwcjw
6681778947,olhpj
8617475021,wkgpk
7660001175,gvsre
2215059387,ifyab
8310071011,hsimo
5460658797,nmnem
1444544915,bztkc
7240843484,coybj
7398598498,bqdev
7251741490,vbwpn
4719323521,jlaku
9249163649,aynsv
8058200477,uabwh
8416139499,huuss
3625565413,vefzq
3977738707,twwvq
4890061327,fpqdd
2108715693,eudhw
8778800750,gtppm
1729588915,upxdw
4971632663,qdmnt
1414687491,wytxo
8077034941,zjpwd
7816694717,tvxnx
3559696786,svoit
3208265339,iyvpb
8196528440,vuhir
6126283357,uecdt
1118104987,fjkfj
8627279938,qbjdq
4982793597,zwbbj
2727656975,aqzmz
4993196991,osamk
4931900979,robdd
8182450077,kipxh
5694179241,lcpaz
4557583348,afdde
7255250699,wbpfl
3158279085,fztlv
2670847331,gfvxq
6707676860,azhoz
9203494235,hckvt
4560005048,gvmfb
1408438390,vilnv
3623555006,etwuu
5374239081,mxhok
1112449719,yxntf
2712699269,qexuc
9986838613,vbmvo
7060673147,tiice
7720026095,ffpfj
6409848241,wtbtf
4233869676,ekuig
7924606151,nfrfw
5243732251,xtlji
7267115513,lszqt
6391968992,bgpeu
9998997517,pilnb
2225417605,duapd
6359745404,grwec
9100395986,qrdif
1078048117,ihdou
7643303388,hzaco
7415450961,bgylx
7955844932,nakkn
2451002030,atzec
7945544315,rwmzt
8870752295,fwhms
8568585209,pexok
6929661185,pkjgp
3986270364,hmvdc
1338766241,onork
9596935508,xfnan
6391496741,lznju
7732113220,ctubm
3165920625,chxnp
5439681869,gzyqi
5637927898,rpzjg
7414226498,oiwht
2050615277,etggt
6969096076,yltfk
7975209218,fbsoi
7255969425,mmxeq
3570459366,disxa
5322993965,unoti
3568811322,rbscf
2983502103,lwjtp
